Date,Product ID,Product Name,Category,Units Sold,Price,Revenue,Cost Price,Stock Level,Restock Date,Warehouse/Store ID,Competitor Price,Competitor Name,day,month,year,day_of_week,is_weekend,season,is_festival,price_lag_1,price_lag_7,price_change_pct,discount_pct,units_sold_lag_1,units_sold_lag_7,units_sold_lag_30,rolling_7d_avg,rolling_30d_avg,demand_vol_7d,qty_change_pct,elasticity,elasticity_type,competitor_diff,competitor_cheaper,competitor_index,inventory_ratio,days_to_stockout,low_stock,over_stock,profit_per_unit,profit_margin,weekend_price,season_discount,inventory_price_interaction
2025-01-02,0,9,2,21,958,20118,300,157,2025-01-11,W01,1019,StoreX,2,1,2025,3,0,Winter,1,0.0,0.0,0.0,0.05986261040235525,0.0,0.0,0.0,0.0,0.0,0.0,0.0,0.0,Unknown,61,0,1.0636743215031315,7.136363636363637,0.0,0,1,658,0.6868475991649269,0,0.05986261040235525,6836.636363636364
2025-01-05,0,9,2,12,699,8388,300,269,2025-01-17,W02,714,MarketPro,5,1,2025,6,1,Winter,1,958.0,0.0,-0.27035490605427975,0.02100840336134454,21.0,0.0,0.0,0.0,0.0,0.0,-0.42857142857142855,1.5852178709321565,Highly Elastic,15,0,1.0214592274678111,20.692307692307693,0.0,0,1,399,0.5708154506437768,699,0.02100840336134454,14463.923076923078
2025-01-19,0,9,2,21,601,12621,300,56,2025-02-02,W02,589,DealMart,19,1,2025,6,1,Winter,1,699.0,0.0,-0.1402002861230329,-0.02037351443123939,12.0,0.0,0.0,0.0,0.0,0.0,0.75,-5.349489795918368,Low Elastic,-12,1,0.9800332778702163,2.5454545454545454,0.0,0,0,301,0.5008319467554077,601,-0.02037351443123939,1529.8181818181818
2025-01-25,0,9,2,12,494,5928,300,50,2025-02-02,W04,609,DealMart,25,1,2025,5,1,Winter,1,601.0,0.0,-0.17803660565723795,0.18883415435139572,21.0,0.0,0.0,0.0,0.0,0.0,-0.42857142857142855,2.407209612817089,Highly Elastic,115,0,1.2327935222672064,3.8461538461538463,0.0,0,0,194,0.39271255060728744,494,0.18883415435139572,1900.0
2025-01-25,0,9,2,28,831,23268,300,123,2025-01-31,W02,908,MarketPro,25,1,2025,5,1,Winter,1,494.0,0.0,0.6821862348178138,0.08480176211453745,12.0,0.0,0.0,0.0,0.0,0.0,1.3333333333333333,1.9545004945598414,Highly Elastic,77,0,1.09265944645006,4.241379310344827,0.0,0,0,531,0.6389891696750902,831,0.08480176211453745,3524.5862068965516
2025-01-27,0,9,2,32,641,20512,300,197,2025-02-05,W02,624,PriceKing,27,1,2025,0,0,Winter,1,831.0,0.0,-0.2286401925391095,-0.027243589743589744,28.0,0.0,0.0,0.0,0.0,0.0,0.14285714285714285,-0.6248120300751879,Low Elastic,-17,1,0.9734789391575663,5.96969696969697,0.0,0,1,341,0.53198127925117,0,-0.027243589743589744,3826.5757575757575
2025-01-30,0,9,2,13,754,9802,300,199,2025-02-11,W02,706,StoreX,30,1,2025,3,0,Winter,1,641.0,0.0,0.17628705148205928,-0.0679886685552408,32.0,0.0,0.0,19.857142857142858,0.0,8.029706749078105,-0.59375,-3.368086283185841,Low Elastic,-48,1,0.9363395225464191,14.214285714285714,9.54109589041096,0,1,454,0.6021220159151194,0,-0.0679886685552408,10717.571428571428
2025-01-30,0,9,2,1,419,419,300,253,2025-02-11,W02,462,PriceKing,30,1,2025,3,0,Winter,1,754.0,958.0,-0.4442970822281167,0.09307359307359307,13.0,21.0,0.0,17.0,0.0,10.677078252031311,-0.9230769230769231,2.0776119402985076,Highly Elastic,43,0,1.1026252983293556,126.5,14.055555555555555,0,1,119,0.2840095465393795,0,0.09307359307359307,53003.5
2025-02-05,0,9,2,5,665,3325,300,276,2025-02-15,W03,696,PriceKing,5,2,2025,2,0,Winter,0,419.0,699.0,0.5871121718377088,0.04454022988505747,1.0,12.0,0.0,16.0,0.0,11.51810169544733,4.0,6.813008130081301,Highly Elastic,31,0,1.0466165413533834,46.0,16.235294117647058,0,1,365,0.5488721804511278,0,0.0,30590.0
2025-02-13,0,9,2,38,490,18620,300,40,2025-03-04,W01,481,DealMart,13,2,2025,3,0,Winter,0,665.0,601.0,-0.2631578947368421,-0.018711018711018712,5.0,21.0,0.0,18.428571428571427,0.0,14.222718245318449,6.6,-25.08,Low Elastic,-9,1,0.9816326530612245,1.0256410256410255,2.058823529411765,0,0,190,0.3877551020408163,0,-0.0,502.56410256410254
2025-02-18,0,9,2,3,707,2121,300,241,2025-02-27,W01,796,PriceKing,18,2,2025,1,0,Winter,0,490.0,494.0,0.44285714285714284,0.11180904522613065,38.0,12.0,0.0,17.142857142857142,0.0,15.269016246728443,-0.9210526315789473,-2.0797962648556876,Low Elastic,89,0,1.125884016973126,60.25,13.283464566929133,0,1,407,0.5756718528995757,0,0.0,42596.75
2025-02-22,0,9,2,37,731,27047,300,115,2025-03-09,W04,845,MarketPro,22,2,2025,5,1,Winter,0,707.0,831.0,0.033946251768033946,0.1349112426035503,3.0,28.0,0.0,18.428571428571427,0.0,16.651898218693095,11.333333333333334,333.86111111111114,Highly Elastic,114,0,1.155950752393981,3.026315789473684,5.919117647058824,0,0,431,0.5896032831737346,731,0.0,2212.236842105263
2025-02-23,0,9,2,30,447,13410,300,136,2025-03-07,W01,521,StoreX,23,2,2025,6,1,Winter,0,731.0,641.0,-0.38850889192886456,0.1420345489443378,37.0,32.0,0.0,18.142857142857142,0.0,16.395411669412994,-0.1891891891891892,0.4869623144271032,Low Elastic,74,0,1.1655480984340045,4.387096774193548,7.104477611940299,0,0,147,0.3288590604026846,447,0.0,1961.0322580645159
2025-01-01,1,0,1,26,1187,30862,500,179,2025-01-13,W04,1150,StoreX,1,1,2025,2,0,Winter,1,0.0,0.0,0.0,-0.03217391304347826,0.0,0.0,0.0,0.0,0.0,0.0,0.0,0.0,Unknown,-37,1,0.9688289806234204,6.62962962962963,0.0,0,1,687,0.5787700084245998,0,-0.03217391304347826,7869.37037037037
2025-01-03,1,0,1,5,967,4835,500,202,2025-01-23,W03,994,DealMart,3,1,2025,4,0,Winter,1,1187.0,0.0,-0.18534119629317608,0.02716297786720322,26.0,0.0,0.0,0.0,0.0,0.0,-0.8076923076923077,4.357867132867133,Highly Elastic,27,0,1.0279214064115823,33.666666666666664,0.0,0,1,467,0.48293691830403307,0,0.02716297786720322,32555.666666666664
2025-01-10,1,0,1,1,848,848,500,157,2025-01-16,W04,952,BestDeals,10,1,2025,4,0,Winter,1,967.0,0.0,-0.12306101344364012,0.1092436974789916,5.0,0.0,0.0,0.0,0.0,0.0,-0.8,6.500840336134455,Highly Elastic,104,0,1.1226415094339623,78.5,0.0,0,1,348,0.41037735849056606,0,0.1092436974789916,66568.0
2025-01-17,1,0,1,3,621,1863,500,276,2025-01-27,W04,592,StoreX,17,1,2025,4,0,Winter,1,848.0,0.0,-0.267688679245283,-0.048986486486486486,1.0,0.0,0.0,0.0,0.0,0.0,2.0,-7.47136563876652,Low Elastic,-29,1,0.9533011272141707,69.0,0.0,0,1,121,0.19484702093397746,0,-0.048986486486486486,42849.0
2025-01-18,1,0,1,23,597,13731,500,231,2025-02-02,W01,600,DealMart,18,1,2025,5,1,Winter,1,621.0,0.0,-0.03864734299516908,0.005,3.0,0.0,0.0,0.0,0.0,0.0,6.666666666666667,-172.50000000000003,Low Elastic,3,0,1.0050251256281406,9.625,0.0,0,1,97,0.1624790619765494,597,0.005,5746.125
2025-01-20,1,0,1,22,590,12980,500,176,2025-02-07,W04,688,StoreX,20,1,2025,0,0,Winter,1,597.0,0.0,-0.011725293132328308,0.14244186046511628,23.0,0.0,0.0,0.0,0.0,0.0,-0.043478260869565216,3.708074534161491,Highly Elastic,98,0,1.1661016949152543,7.6521739130434785,0.0,0,1,90,0.15254237288135594,0,0.14244186046511628,4514.782608695652
2025-01-20,1,0,1,3,1207,3621,500,183,2025-01-27,W02,1173,DealMart,20,1,2025,0,0,Winter,1,590.0,0.0,1.0457627118644068,-0.028985507246376812,22.0,0.0,0.0,11.857142857142858,0.0,11.17181828573683,-0.8636363636363636,-0.8258435243848533,Low Elastic,-34,1,0.971830985915493,45.75,14.233333333333333,0,1,707,0.5857497928748965,0,-0.028985507246376812,55220.25
2025-01-22,1,0,1,9,833,7497,500,282,2025-02-01,W04,836,PriceKing,22,1,2025,2,0,Winter,1,1207.0,1187.0,-0.30985915492957744,0.0035885167464114833,3.0,26.0,0.0,9.428571428571429,0.0,9.271050693011064,2.0,-6.454545454545455,Low Elastic,3,0,1.0036014405762306,28.2,27.041095890410958,0,1,333,0.3997599039615846,0,0.0035885167464114833,23490.6
2025-01-29,1,0,1,7,609,4263,500,280,2025-02-08,W01,618,PriceKing,29,1,2025,2,0,Winter,1,833.0,967.0,-0.2689075630252101,0.014563106796116505,9.0,5.0,0.0,9.714285714285714,0.0,9.14174100330066,-0.2222222222222222,0.8263888888888888,Medium Elastic,9,0,1.0147783251231528,35.0,26.133333333333336,0,1,109,0.17898193760262726,0,0.014563106796116505,21315.0
2025-02-02,1,0,1,10,716,7160,500,122,2025-02-07,W02,811,BestDeals,2,2,2025,6,1,Winter,0,609.0,848.0,0.17569786535303777,0.11713933415536375,7.0,1.0,0.0,11.0,0.0,8.306623862918075,0.42857142857142855,2.439252336448598,Highly Elastic,95,0,1.1326815642458101,11.090909090909092,10.166666666666666,0,1,216,0.3016759776536313,716,0.0,7941.09090909091
2025-02-03,1,0,1,35,981,34335,500,61,2025-02-15,W04,1036,StoreX,3,2,2025,0,0,Winter,0,716.0,621.0,0.37011173184357543,0.05308880308880309,10.0,3.0,0.0,15.571428571428571,0.0,11.399665826346885,2.5,6.754716981132075,Highly Elastic,55,0,1.056065239551478,1.6944444444444444,3.681034482758621,0,0,481,0.49031600407747195,0,0.0,1662.25
2025-02-05,1,0,1,3,880,2640,500,264,2025-02-12,W01,903,MarketPro,5,2,2025,2,0,Winter,0,981.0,597.0,-0.10295616717635066,0.02547065337763012,35.0,23.0,0.0,12.714285714285714,0.0,11.729084728632008,-0.9142857142857143,8.88033946251768,Highly Elastic,23,0,1.0261363636363636,66.0,19.25,0,1,380,0.4318181818181818,0,0.0,58080.0
2025-02-05,1,0,1,27,769,20763,500,110,2025-02-23,W02,878,StoreX,5,2,2025,2,0,Winter,0,880.0,590.0,-0.12613636363636363,0.12414578587699317,3.0,22.0,0.0,13.428571428571429,0.0,12.51475319848728,8.0,-63.42342342342343,Low Elastic,109,0,1.141742522756827,3.9285714285714284,7.623762376237623,0,0,269,0.34980494148244473,0,0.0,3021.0714285714284
2025-02-07,1,0,1,23,620,14260,500,295,2025-02-22,W02,671,MarketPro,7,2,2025,4,0,Winter,0,769.0,1207.0,-0.19375812743823148,0.07600596125186289,27.0,3.0,0.0,16.285714285714285,0.0,12.00991653751579,-0.14814814814814814,0.7646035297042008,Medium Elastic,51,0,1.082258064516129,12.291666666666666,17.06611570247934,0,1,120,0.1935483870967742,0,0.0,7620.833333333333
2025-02-07,1,0,1,12,620,7440,500,168,2025-02-21,W03,733,PriceKing,7,2,2025,4,0,Winter,0,620.0,833.0,0.0,0.15416098226466576,23.0,9.0,0.0,16.714285714285715,0.0,11.757469763435298,-0.4782608695652174,0.0,Low Elastic,113,0,1.1822580645161291,12.923076923076923,9.483870967741934,0,1,120,0.1935483870967742,0,0.0,8012.307692307692
2025-02-09,1,0,1,37,811,30007,500,29,2025-02-24,W04,914,StoreX,9,2,2025,6,1,Winter,0,620.0,609.0,0.30806451612903224,0.11269146608315099,12.0,7.0,0.0,21.0,0.0,13.025615788386615,2.0833333333333335,6.7626527050610825,Highly Elastic,103,0,1.1270036991368682,0.7631578947368421,1.3181818181818181,0,0,311,0.3834771886559803,811,0.0,618.921052631579
2025-02-11,1,0,1,37,636,23532,500,22,2025-02-23,W02,701,StoreX,11,2,2025,1,0,Winter,0,811.0,716.0,-0.2157829839704069,0.09272467902995721,37.0,10.0,0.0,24.857142857142858,0.0,13.221555271961153,0.0,-0.0,Low Elastic,65,0,1.1022012578616351,0.5789473684210527,0.8508287292817679,0,0,136,0.2138364779874214,0,0.0,368.2105263157895
2025-02-11,1,0,1,20,1150,23000,500,98,2025-03-02,W02,1131,MarketPro,11,2,2025,1,0,Winter,0,636.0,981.0,0.8081761006289309,-0.016799292661361626,37.0,35.0,0.0,22.714285714285715,0.0,12.499523800453169,-0.4594594594594595,-0.56851403933116,Low Elastic,-19,1,0.9834782608695652,4.666666666666667,4.132530120481928,0,0,650,0.5652173913043478,0,-0.0,5366.666666666667
2025-02-16,1,0,1,40,1131,45240,500,142,2025-02-26,W01,1177,DealMart,16,2,2025,6,1,Winter,0,1150.0,880.0,-0.01652173913043478,0.03908241291418862,20.0,3.0,0.0,28.0,0.0,10.42433051407459,1.0,-60.526315789473685,Low Elastic,46,0,1.0406719717064545,3.4634146341463414,4.896551724137931,0,0,631,0.5579133510167993,1131,0.0,3917.121951219512
2025-02-18,1,0,1,8,575,4600,500,277,2025-03-04,W01,582,StoreX,18,2,2025,1,0,Winter,0,1131.0,769.0,-0.4916003536693192,0.012027491408934709,40.0,27.0,0.0,25.285714285714285,0.0,12.906255404703122,-0.8,1.6273381294964029,Highly Elastic,7,0,1.0121739130434784,30.77777777777778,10.53804347826087,0,1,75,0.13043478260869565,0,0.0,17697.222222222223
2025-02-22,1,0,1,18,953,17154,500,225,2025-03-02,W03,981,PriceKing,22,2,2025,5,1,Winter,0,575.0,620.0,0.6573913043478261,0.02854230377166157,8.0,23.0,0.0,24.571428571428573,0.0,13.189100839419682,1.25,1.9014550264550263,Highly Elastic,28,0,1.0293809024134313,11.842105263157896,8.798882681564246,0,1,453,0.4753410283315845,953,0.0,11285.526315789475
2025-02-22,1,0,1,40,832,33280,500,37,2025-03-07,W02,914,PriceKing,22,2,2025,5,1,Winter,0,953.0,620.0,-0.12696747114375656,0.08971553610503283,18.0,12.0,0.0,28.571428571428573,0.0,12.985339719046538,1.2222222222222223,-9.626262626262626,Low Elastic,82,0,1.0985576923076923,0.9024390243902439,1.251207729468599,0,0,332,0.39903846153846156,832,0.0,750.829268292683
2025-02-26,1,0,1,9,673,6057,500,164,2025-03-13,W04,666,StoreX,26,2,2025,2,0,Winter,0,832.0,811.0,-0.19110576923076922,-0.010510510510510511,40.0,37.0,0.0,24.571428571428573,0.0,14.210995072561984,-0.775,4.0553459119496855,Highly Elastic,-7,1,0.9895988112927192,16.4,6.4134078212290495,0,1,173,0.25705794947994054,0,-0.0,11037.199999999999
2025-01-09,2,7,2,23,497,11431,150,159,2025-01-23,W04,597,BestDeals,9,1,2025,3,0,Winter,1,0.0,0.0,0.0,0.16750418760469013,0.0,0.0,0.0,0.0,0.0,0.0,0.0,0.0,Unknown,100,0,1.2012072434607646,6.625,0.0,0,1,347,0.6981891348088531,0,0.16750418760469013,3292.625
2025-01-10,2,7,2,22,746,16412,150,136,2025-01-28,W04,711,BestDeals,10,1,2025,4,0,Winter,1,497.0,0.0,0.5010060362173038,-0.04922644163150492,23.0,0.0,0.0,0.0,0.0,0.0,-0.043478260869565216,-0.08678191024969444,Low Elastic,-35,1,0.953083109919571,5.913043478260869,0.0,0,1,596,0.7989276139410187,0,-0.04922644163150492,4411.130434782608
2025-01-15,2,7,2,27,382,10314,150,135,2025-02-02,W01,334,DealMart,15,1,2025,2,0,Winter,1,746.0,0.0,-0.4879356568364611,-0.1437125748502994,22.0,0.0,0.0,0.0,0.0,0.0,0.22727272727272727,-0.46578421578421575,Low Elastic,-48,1,0.8743455497382199,4.821428571428571,0.0,0,0,232,0.6073298429319371,0,-0.1437125748502994,1841.7857142857142
2025-01-17,2,7,2,1,331,331,150,88,2025-02-03,W03,403,DealMart,17,1,2025,4,0,Winter,1,382.0,0.0,-0.13350785340314136,0.17866004962779156,27.0,0.0,0.0,0.0,0.0,0.0,-0.9629629629629629,7.21278140885984,Highly Elastic,72,0,1.2175226586102719,44.0,0.0,0,1,181,0.5468277945619335,0,0.17866004962779156,14564.0
2025-01-19,2,7,2,26,845,21970,150,26,2025-02-06,W03,822,BestDeals,19,1,2025,6,1,Winter,1,331.0,0.0,1.552870090634441,-0.027980535279805353,1.0,0.0,0.0,0.0,0.0,0.0,25.0,16.09922178988327,Highly Elastic,-23,1,0.9727810650887574,0.9629629629629629,0.0,0,0,695,0.8224852071005917,845,-0.027980535279805353,813.7037037037037
2025-01-29,2,7,2,20,267,5340,150,94,2025-02-16,W02,332,BestDeals,29,1,2025,2,0,Winter,1,845.0,0.0,-0.6840236686390533,0.19578313253012047,26.0,0.0,0.0,0.0,0.0,0.0,-0.23076923076923078,0.3373702422145329,Low Elastic,65,0,1.243445692883895,4.476190476190476,0.0,0,0,117,0.43820224719101125,0,0.19578313253012047,1195.142857142857
2025-01-31,2,7,2,28,779,21812,150,289,2025-02-11,W04,811,PriceKing,31,1,2025,4,0,Winter,1,267.0,0.0,1.9176029962546817,0.03945745992601726,20.0,0.0,0.0,21.0,0.0,9.273618495495704,0.4,0.20859375000000002,Low Elastic,32,0,1.0410783055198973,9.96551724137931,13.136363636363637,0,1,629,0.8074454428754814,0,0.03945745992601726,7763.137931034482
2025-02-02,2,7,2,1,445,445,150,123,2025-02-22,W02,459,StoreX,2,2,2025,6,1,Winter,0,779.0,497.0,-0.4287548138639281,0.030501089324618737,28.0,23.0,0.0,17.857142857142858,0.0,11.852265204432042,-0.9642857142857143,2.249037639007699,Highly Elastic,14,0,1.0314606741573034,61.5,6.5227272727272725,0,1,295,0.6629213483146067,445,0.0,27367.5
2025-02-03,2,7,2,32,521,16672,150,34,2025-02-10,W03,611,PriceKing,3,2,2025,0,0,Winter,0,445.0,746.0,0.1707865168539326,0.14729950900163666,1.0,22.0,0.0,19.285714285714285,0.0,12.983506020002016,31.0,181.51315789473682,Highly Elastic,90,0,1.1727447216890594,1.0303030303030303,1.676056338028169,0,0,371,0.7120921305182342,0,0.0,536.7878787878788
2025-02-06,2,7,2,3,573,1719,150,24,2025-02-26,W02,620,PriceKing,6,2,2025,3,0,Winter,0,521.0,382.0,0.09980806142034548,0.07580645161290323,32.0,27.0,0.0,15.857142857142858,0.0,13.752921767495705,-0.90625,-9.079927884615385,Low Elastic,47,0,1.0820244328097732,6.0,1.423728813559322,0,1,423,0.7382198952879581,0,0.0,3438.0
2025-02-07,2,7,2,30,436,13080,150,32,2025-02-25,W03,498,StoreX,7,2,2025,4,0,Winter,0,573.0,331.0,-0.23909249563699825,0.12449799196787148,3.0,1.0,0.0,20.0,0.0,12.871156384205214,9.0,-37.64233576642336,Low Elastic,62,0,1.1422018348623852,1.032258064516129,1.5238095238095237,0,0,286,0.6559633027522935,0,0.0,450.06451612903226
2025-02-07,2,7,2,9,261,2349,150,41,2025-02-26,W01,234,MarketPro,7,2,2025,4,0,Winter,0,436.0,845.0,-0.4013761467889908,-0.11538461538461539,30.0,26.0,0.0,17.571428571428573,0.0,13.151136108807519,-0.7,1.744,Highly Elastic,-27,1,0.896551724137931,4.1,2.2076923076923074,0,0,111,0.42528735632183906,0,-0.0,1070.1
2025-02-08,2,7,2,1,806,806,150,224,2025-02-21,W04,793,DealMart,8,2,2025,5,1,Winter,0,261.0,267.0,2.0881226053639845,-0.01639344262295082,9.0,20.0,0.0,14.857142857142858,0.0,14.461772268392874,-0.8888888888888888,-0.42568807339449544,Low Elastic,-13,1,0.9838709677419355,112.0,14.126126126126126,0,1,656,0.8138957816377171,806,-0.0,90272.0
2025-02-09,2,7,2,31,801,24831,150,167,2025-02-22,W04,862,MarketPro,9,2,2025,6,1,Winter,0,806.0,779.0,-0.00620347394540943,0.07076566125290024,1.0,28.0,0.0,15.285714285714286,0.0,14.952305125679741,30.0,-4836.0,Low Elastic,61,0,1.076154806491885,5.21875,10.25438596491228,0,1,651,0.8127340823970037,801,0.0,4180.21875
2025-02-12,2,7,2,7,414,2898,150,234,2025-02-17,W02,489,DealMart,12,2,2025,2,0,Winter,0,801.0,445.0,-0.48314606741573035,0.15337423312883436,31.0,1.0,0.0,16.142857142857142,0.0,14.147185484853772,-0.7741935483870968,1.6024006001500375,Highly Elastic,75,0,1.181159420289855,29.25,13.65,0,1,264,0.6376811594202898,0,0.0,12109.5
2025-02-20,2,7,2,10,821,8210,150,141,2025-03-01,W03,898,StoreX,20,2,2025,3,0,Winter,0,414.0,521.0,0.9830917874396136,0.08574610244988864,7.0,32.0,0.0,13.0,0.0,12.369316876852984,0.42857142857142855,0.4359424359424359,Low Elastic,77,0,1.0937880633373933,12.818181818181818,10.071428571428571,0,1,671,0.8172959805115713,0,0.0,10523.727272727272
2025-02-21,2,7,2,23,598,13754,150,112,2025-03-05,W04,686,StoreX,21,2,2025,4,0,Winter,0,821.0,573.0,-0.27161997563946405,0.1282798833819242,10.0,3.0,0.0,15.857142857142858,0.0,11.97815471916232,1.3,-4.78609865470852,Low Elastic,88,0,1.1471571906354514,4.666666666666667,6.6440677966101696,0,0,448,0.7491638795986622,0,0.0,2790.666666666667
2025-02-25,2,7,2,3,888,2664,150,42,2025-03-03,W02,986,DealMart,25,2,2025,1,0,Winter,0,598.0,436.0,0.48494983277591974,0.09939148073022312,23.0,30.0,0.0,12.0,0.0,10.969655114602894,-0.8695652173913043,-1.7931034482758619,Low Elastic,98,0,1.1103603603603605,10.5,3.230769230769231,0,1,738,0.831081081081081,0,0.0,9324.0
2025-02-28,2,7,2,11,438,4818,150,68,2025-03-15,W02,400,StoreX,28,2,2025,4,0,Winter,0,888.0,261.0,-0.5067567567567568,-0.095,3.0,9.0,0.0,12.285714285714286,0.0,10.90434600995227,2.6666666666666665,-5.2622222222222215,Low Elastic,-38,1,0.91324200913242,5.666666666666667,5.118279569892473,0,1,288,0.6575342465753424,0,-0.0,2482.0
2025-03-01,2,7,2,9,703,6327,150,182,2025-03-11,W01,684,MarketPro,1,3,2025,5,1,Summer,0,438.0,806.0,0.6050228310502284,-0.027777777777777776,11.0,1.0,0.0,13.428571428571429,0.0,9.897089519266816,-0.18181818181818182,-0.3005145797598628,Low Elastic,-19,1,0.972972972972973,18.2,12.613861386138614,0,1,553,0.786628733997155,703,-0.0,12794.6
2025-03-01,2,7,2,28,421,11788,150,247,2025-03-16,W03,391,PriceKing,1,3,2025,5,1,Summer,0,703.0,801.0,-0.4011379800853485,-0.07672634271099744,9.0,31.0,0.0,13.0,0.0,9.036961141150645,2.111111111111111,-5.26280535855004,Low Elastic,-30,1,0.9287410926365796,8.517241379310345,17.642857142857142,0,1,271,0.6437054631828979,421,-0.0,3585.7586206896553
2025-03-02,2,7,2,40,709,28360,150,257,2025-03-09,W01,762,BestDeals,2,3,2025,6,1,Summer,0,421.0,414.0,0.684085510688836,0.06955380577427822,28.0,7.0,0.0,17.714285714285715,0.0,13.085797462825692,0.42857142857142855,0.6264880952380952,Medium Elastic,53,0,1.07475317348378,6.2682926829268295,13.732824427480915,0,1,559,0.7884344146685472,709,0.0,4444.219512195122
2025-01-01,3,6,4,30,1065,31950,900,298,2025-01-06,W04,1022,DealMart,1,1,2025,2,0,Winter,1,0.0,0.0,0.0,-0.04207436399217221,0.0,0.0,0.0,0.0,0.0,0.0,0.0,0.0,Unknown,-43,1,0.9596244131455399,9.612903225806452,0.0,0,1,165,0.15492957746478872,0,-0.04207436399217221,10237.741935483871
2025-01-01,3,6,4,27,1659,44793,900,270,2025-01-09,W03,1759,MarketPro,1,1,2025,2,0,Winter,1,1065.0,0.0,0.5577464788732395,0.05685048322910745,30.0,0.0,0.0,0.0,0.0,0.0,-0.1,-0.17929292929292928,Low Elastic,100,0,1.0602772754671488,9.642857142857142,0.0,0,1,759,0.45750452079566006,0,0.05685048322910745,15997.5
2025-01-03,3,6,4,7,1125,7875,900,27,2025-01-09,W02,1175,DealMart,3,1,2025,4,0,Winter,1,1659.0,0.0,-0.321880650994575,0.0425531914893617,27.0,0.0,0.0,0.0,0.0,0.0,-0.7407407407407407,2.301290054099043,Highly Elastic,50,0,1.0444444444444445,3.375,0.0,0,0,225,0.2,0,0.0425531914893617,3796.875
2025-01-03,3,6,4,2,1071,2142,900,166,2025-01-08,W03,1181,BestDeals,3,1,2025,4,0,Winter,1,1125.0,0.0,-0.048,0.09314140558848434,7.0,0.0,0.0,0.0,0.0,0.0,-0.7142857142857143,14.880952380952381,Highly Elastic,110,0,1.1027077497665734,55.333333333333336,0.0,0,1,171,0.15966386554621848,0,0.09314140558848434,59262.0
2025-01-05,3,6,4,36,1293,46548,900,228,2025-01-13,W01,1246,StoreX,5,1,2025,6,1,Winter,1,1071.0,0.0,0.20728291316526612,-0.0377207062600321,2.0,0.0,0.0,0.0,0.0,0.0,17.0,82.0135135135135,Highly Elastic,-47,1,0.9636504253673627,6.162162162162162,0.0,0,1,393,0.3039443155452436,1293,-0.0377207062600321,7967.675675675676
2025-01-09,3,6,4,35,1190,41650,900,261,2025-01-19,W02,1223,BestDeals,9,1,2025,3,0,Winter,1,1293.0,0.0,-0.07965970610982212,0.02698282910874898,36.0,0.0,0.0,0.0,0.0,0.0,-0.027777777777777776,0.34870550161812297,Low Elastic,33,0,1.0277310924369747,7.25,0.0,0,1,290,0.24369747899159663,0,0.02698282910874898,8627.5
2025-01-12,3,6,4,32,1330,42560,900,168,2025-01-27,W02,1366,BestDeals,12,1,2025,6,1,Winter,1,1190.0,0.0,0.11764705882352941,0.02635431918008785,35.0,0.0,0.0,24.142857142857142,0.0,13.825442385068811,-0.08571428571428572,-0.7285714285714285,Low Elastic,36,0,1.0270676691729324,5.090909090909091,6.681818181818182,0,1,430,0.3233082706766917,1330,0.02635431918008785,6770.909090909091
2025-01-13,3,6,4,20,1407,28140,900,130,2025-01-20,W02,1455,DealMart,13,1,2025,0,0,Winter,1,1330.0,1065.0,0.05789473684210526,0.032989690721649485,32.0,30.0,0.0,22.714285714285715,0.0,13.634689651941548,-0.375,-6.4772727272727275,Low Elastic,48,0,1.0341151385927505,6.190476190476191,5.481927710843373,0,1,507,0.3603411513859275,0,0.032989690721649485,8710.0
2025-01-15,3,6,4,28,998,27944,900,175,2025-01-26,W01,1109,DealMart,15,1,2025,2,0,Winter,1,1407.0,1659.0,-0.2906894100923952,0.10009017132551848,20.0,27.0,0.0,22.857142857142858,0.0,13.692194509142444,0.4,-1.376039119804401,Low Elastic,111,0,1.1112224448897796,6.0344827586206895,7.335329341317365,0,1,98,0.09819639278557114,0,0.10009017132551848,6022.413793103448
2025-01-16,3,6,4,9,1388,12492,900,125,2025-02-04,W04,1409,MarketPro,16,1,2025,3,0,Winter,1,998.0,1125.0,0.3907815631262525,0.014904187366926898,28.0,7.0,0.0,23.142857142857142,0.0,13.322019009001243,-0.6785714285714286,-1.7364468864468865,Low Elastic,21,0,1.0151296829971181,12.5,5.177514792899409,0,1,488,0.3515850144092219,0,0.014904187366926898,17350.0
2025-01-17,3,6,4,33,1170,38610,900,110,2025-01-24,W03,1120,MarketPro,17,1,2025,4,0,Winter,1,1388.0,1071.0,-0.15706051873198848,-0.044642857142857144,9.0,2.0,0.0,27.571428571428573,0.0,9.812528434899658,2.6666666666666665,-16.978593272171253,Low Elastic,-50,1,0.9572649572649573,3.235294117647059,3.8499999999999996,0,0,270,0.23076923076923078,0,-0.044642857142857144,3785.294117647059
2025-01-19,3,6,4,7,1512,10584,900,41,2025-01-30,W03,1526,BestDeals,19,1,2025,6,1,Winter,1,1170.0,1293.0,0.2923076923076923,0.009174311926605505,33.0,36.0,0.0,23.428571428571427,0.0,11.616900660347447,-0.7878787878787878,-2.6953748006379583,Low Elastic,14,0,1.0092592592592593,5.125,1.6783625730994154,0,1,612,0.40476190476190477,1512,0.009174311926605505,7749.0
2025-01-20,3,6,4,40,1353,54120,900,35,2025-01-29,W04,1407,MarketPro,20,1,2025,0,0,Winter,1,1512.0,1190.0,-0.10515873015873016,0.03837953091684435,7.0,35.0,0.0,24.142857142857142,0.0,12.562226069034255,4.714285714285714,-44.83018867924528,Low Elastic,54,0,1.039911308203991,0.8536585365853658,1.3920454545454546,0,0,453,0.3348115299334812,0,0.03837953091684435,1155.0
2025-01-21,3,6,4,12,1515,18180,900,100,2025-01-29,W01,1518,PriceKing,21,1,2025,1,0,Winter,1,1353.0,1330.0,0.1197339246119734,0.001976284584980237,40.0,32.0,0.0,21.285714285714285,0.0,12.750350135248388,-0.7,-5.846296296296296,Low Elastic,3,0,1.001980198019802,7.6923076923076925,4.487179487179487,0,1,615,0.40594059405940597,0,0.001976284584980237,11653.846153846154
2025-01-23,3,6,4,11,1648,18128,900,72,2025-01-30,W02,1719,MarketPro,23,1,2025,3,0,Winter,1,1515.0,1407.0,0.08778877887788779,0.04130308318789994,12.0,20.0,0.0,20.0,0.0,13.341664064126332,-0.08333333333333333,-0.9492481203007518,Low Elastic,71,0,1.0430825242718447,6.0,3.4285714285714284,0,1,748,0.4538834951456311,0,0.04130308318789994,9888.0
2025-01-23,3,6,4,6,1556,9336,900,121,2025-02-09,W03,1614,BestDeals,23,1,2025,3,0,Winter,1,1648.0,998.0,-0.055825242718446605,0.03593556381660471,11.0,28.0,0.0,16.857142857142858,0.0,13.728663098648402,-0.45454545454545453,8.142292490118576,Highly Elastic,58,0,1.0372750642673523,17.285714285714285,6.776,0,1,656,0.42159383033419023,0,0.03593556381660471,26896.571428571428
2025-01-26,3,6,4,10,1696,16960,900,289,2025-02-03,W01,1768,BestDeals,26,1,2025,6,1,Winter,1,1556.0,1388.0,0.08997429305912596,0.04072398190045249,6.0,9.0,0.0,17.0,0.0,13.638181696985852,0.6666666666666666,7.409523809523809,Highly Elastic,72,0,1.0424528301886793,26.272727272727273,16.055555555555557,0,1,796,0.4693396226415094,1696,0.04072398190045249,44558.545454545456
2025-01-28,3,6,4,4,1015,4060,900,217,2025-02-12,W01,1097,PriceKing,28,1,2025,1,0,Winter,1,1696.0,1170.0,-0.40153301886792453,0.07474931631722881,10.0,33.0,0.0,12.857142857142858,0.0,12.307566391297277,-0.6,1.494273127753304,Highly Elastic,82,0,1.0807881773399015,43.4,15.65979381443299,0,1,115,0.11330049261083744,0,0.07474931631722881,44051.0
2025-01-31,3,6,4,39,1111,43329,900,146,2025-02-15,W01,1074,DealMart,31,1,2025,4,0,Winter,1,1015.0,1512.0,0.09458128078817735,-0.03445065176908752,4.0,7.0,0.0,17.428571428571427,0.0,15.339025858434235,8.75,92.51302083333333,Highly Elastic,-37,1,0.9666966696669667,3.65,7.9224806201550395,0,0,211,0.18991899189918993,0,-0.03445065176908752,4055.15
2025-01-31,3,6,4,30,1055,31650,900,82,2025-02-18,W03,1021,StoreX,31,1,2025,4,0,Winter,1,1111.0,1353.0,-0.050405040504050404,-0.03330068560235064,39.0,40.0,0.0,16.0,0.0,13.203534880225567,-0.23076923076923078,4.5782967032967035,Highly Elastic,-34,1,0.9677725118483412,2.6451612903225805,4.823529411764706,0,0,155,0.14691943127962084,0,-0.03330068560235064,2790.6451612903224
2025-02-03,3,6,4,35,1259,44065,900,179,2025-02-19,W03,1330,BestDeals,3,2,2025,0,0,Winter,0,1055.0,1515.0,0.1933649289099526,0.05338345864661654,30.0,12.0,0.0,19.285714285714285,0.0,14.806690894257741,0.16666666666666666,0.8619281045751633,Medium Elastic,71,0,1.056393963463066,4.972222222222222,8.823943661971832,0,0,359,0.2851469420174742,0,0.0,6260.027777777778
2025-02-03,3,6,4,25,972,24300,900,78,2025-02-20,W01,962,PriceKing,3,2,2025,0,0,Winter,0,1259.0,1648.0,-0.22795869737887212,-0.010395010395010396,35.0,11.0,0.0,21.285714285714285,0.0,14.442002235542981,-0.2857142857142857,1.2533598805375807,Highly Elastic,-10,1,0.9897119341563786,3.0,3.5,0,0,72,0.07407407407407407,0,-0.0,2916.0
2025-02-06,3,6,4,19,1034,19646,900,296,2025-02-25,W04,1140,PriceKing,6,2,2025,3,0,Winter,0,972.0,1556.0,0.06378600823045268,0.09298245614035087,25.0,6.0,0.0,23.142857142857142,0.0,12.902565267271093,-0.24,-3.76258064516129,Low Elastic,106,0,1.1025145067698259,14.8,12.2603550295858,0,1,134,0.12959381044487428,0,0.0,15303.2
2025-02-08,3,6,4,25,1520,38000,900,234,2025-02-14,W02,1552,StoreX,8,2,2025,5,1,Winter,0,1034.0,1696.0,0.4700193423597679,0.020618556701030927,19.0,10.0,0.0,25.285714285714285,0.0,11.528432760126671,0.3157894736842105,0.6718648473034438,Medium Elastic,32,0,1.0210526315789474,9.0,8.902173913043478,0,1,620,0.40789473684210525,1520,0.0,13680.0
2025-02-12,3,6,4,13,1487,19331,900,86,2025-02-25,W03,1502,MarketPro,12,2,2025,2,0,Winter,0,1520.0,1015.0,-0.021710526315789475,0.009986684420772303,25.0,4.0,0.0,26.571428571428573,0.0,8.978811035936083,-0.48,22.109090909090906,Highly Elastic,15,0,1.0100874243443174,6.142857142857143,3.1191709844559585,0,1,587,0.39475453934095495,0,0.0,9134.428571428572
2025-02-16,3,6,4,37,1341,49617,900,112,2025-03-02,W04,1378,PriceKing,16,2,2025,6,1,Winter,0,1487.0,1111.0,-0.09818426361802286,0.026850507982583455,13.0,39.0,0.0,26.285714285714285,0.0,8.538428538364766,1.8461538461538463,-18.80295047418335,Low Elastic,37,0,1.0275913497390008,2.9473684210526314,4.104712041884817,0,0,441,0.3288590604026846,1341,0.0,3952.4210526315787
2025-02-16,3,6,4,7,1117,7819,900,167,2025-03-08,W02,1216,BestDeals,16,2,2025,6,1,Winter,0,1341.0,1055.0,-0.16703952274422074,0.08141447368421052,37.0,30.0,0.0,23.0,0.0,10.95445115010332,-0.8108108108108109,4.8540057915057915,Highly Elastic,99,0,1.0886302596239927,20.875,6.958333333333333,0,1,217,0.19427036705461057,1117,0.0,23317.375
2025-02-18,3,6,4,39,1625,63375,900,41,2025-03-05,W01,1702,PriceKing,18,2,2025,1,0,Winter,0,1117.0,1259.0,0.4547896150402865,0.04524089306698002,7.0,35.0,0.0,23.571428571428573,0.0,11.759494644146672,4.571428571428571,10.051743532058492,Highly Elastic,77,0,1.0473846153846154,1.025,1.6686046511627906,0,0,725,0.4461538461538462,0,0.0,1665.6249999999998
2025-02-20,3,6,4,4,1094,4376,900,173,2025-03-06,W01,1118,MarketPro,20,2,2025,3,0,Winter,0,1625.0,972.0,-0.32676923076923076,0.02146690518783542,39.0,25.0,0.0,20.571428571428573,0.0,13.830607878387495,-0.8974358974358975,2.746390458254865,Highly Elastic,24,0,1.0219378427787935,34.6,8.019867549668874,0,1,194,0.1773308957952468,0,0.0,37852.4
2025-02-27,3,6,4,23,1602,36846,900,255,2025-03-19,W01,1610,BestDeals,27,2,2025,3,0,Winter,0,1094.0,1034.0,0.4643510054844607,0.004968944099378882,4.0,19.0,0.0,21.142857142857142,21.5,13.837492203292852,4.75,10.229330708661418,Highly Elastic,8,0,1.0049937578027466,10.625,11.516129032258064,0,1,702,0.43820224719101125,0,0.0,17021.25
2025-02-28,3,6,4,25,1592,39800,900,65,2025-03-20,W02,1614,DealMart,28,2,2025,4,0,Winter,0,1602.0,1520.0,-0.006242197253433208,0.013630731102850062,23.0,25.0,30.0,21.142857142857142,21.333333333333332,13.837492203292852,0.08695652173913043,-13.930434782608696,Low Elastic,22,0,1.013819095477387,2.5,2.935483870967742,0,0,692,0.43467336683417085,0,0.0,3980.0
2025-03-02,3,6,4,30,1043,31290,900,240,2025-03-07,W03,1008,PriceKing,2,3,2025,6,1,Summer,0,1592.0,1487.0,-0.34484924623115576,-0.034722222222222224,25.0,13.0,27.0,23.571428571428573,21.433333333333334,13.660858231423369,0.2,-0.5799635701275047,Low Elastic,-35,1,0.9664429530201343,7.741935483870968,9.767441860465116,0,1,143,0.137104506232023,1043,-0.0,8074.8387096774195
2025-01-09,4,5,0,13,713,9269,280,59,2025-01-24,W01,679,MarketPro,9,1,2025,3,0,Winter,1,0.0,0.0,0.0,-0.050073637702503684,0.0,0.0,0.0,0.0,0.0,0.0,0.0,0.0,Unknown,-34,1,0.9523141654978962,4.214285714285714,0.0,0,0,433,0.6072931276297335,0,-0.050073637702503684,3004.785714285714
2025-01-13,4,5,0,15,519,7785,280,117,2025-01-20,W03,524,StoreX,13,1,2025,0,0,Winter,1,713.0,0.0,-0.2720897615708275,0.009541984732824428,13.0,0.0,0.0,0.0,0.0,0.0,0.15384615384615385,-0.5654242664551944,Low Elastic,5,0,1.0096339113680155,7.3125,0.0,0,1,239,0.4605009633911368,0,0.009541984732824428,3795.1875
2025-01-17,4,5,0,9,455,4095,280,204,2025-01-30,W02,508,PriceKing,17,1,2025,4,0,Winter,1,519.0,0.0,-0.1233140655105973,0.10433070866141732,15.0,0.0,0.0,0.0,0.0,0.0,-0.4,3.2437500000000004,Highly Elastic,53,0,1.1164835164835165,20.4,0.0,0,1,175,0.38461538461538464,0,0.10433070866141732,9282.0
2025-01-17,4,5,0,18,1001,18018,280,61,2025-01-23,W03,951,BestDeals,17,1,2025,4,0,Winter,1,455.0,0.0,1.2,-0.052576235541535225,9.0,0.0,0.0,0.0,0.0,0.0,1.0,0.8333333333333334,Medium Elastic,-50,1,0.9500499500499501,3.210526315789474,0.0,0,0,721,0.7202797202797203,0,-0.052576235541535225,3213.7368421052633
2025-01-30,4,5,0,21,442,9282,280,39,2025-02-09,W04,477,MarketPro,30,1,2025,3,0,Winter,1,1001.0,0.0,-0.5584415584415584,0.07337526205450734,18.0,0.0,0.0,0.0,0.0,0.0,0.16666666666666666,-0.29844961240310075,Low Elastic,35,0,1.079185520361991,1.7727272727272727,0.0,0,0,162,0.3665158371040724,0,0.07337526205450734,783.5454545454545
2025-02-03,4,5,0,26,789,20514,280,298,2025-02-09,W02,847,MarketPro,3,2,2025,0,0,Winter,0,442.0,0.0,0.7850678733031674,0.06847697756788666,21.0,0.0,0.0,0.0,0.0,0.0,0.23809523809523808,0.3032798133662687,Low Elastic,58,0,1.073510773130545,11.037037037037036,0.0,0,1,509,0.6451204055766794,0,0.0,8708.22222222222
2025-02-05,4,5,0,27,726,19602,280,177,2025-02-13,W03,764,BestDeals,5,2,2025,2,0,Winter,0,789.0,0.0,-0.07984790874524715,0.049738219895287955,26.0,0.0,0.0,18.428571428571427,0.0,6.67974906856894,0.038461538461538464,-0.4816849816849817,Low Elastic,38,0,1.0523415977961432,6.321428571428571,9.11029411764706,0,1,446,0.6143250688705234,0,0.0,4589.357142857143
2025-02-07,4,5,0,15,780,11700,280,195,2025-02-17,W01,747,MarketPro,7,2,2025,4,0,Winter,0,726.0,713.0,0.0743801652892562,-0.04417670682730924,27.0,13.0,0.0,18.714285714285715,0.0,6.447590912226719,-0.4444444444444444,-5.9753086419753085,Low Elastic,-33,1,0.9576923076923077,12.1875,9.891304347826086,0,1,500,0.6410256410256411,0,-0.0,9506.25
2025-02-08,4,5,0,35,679,23765,280,275,2025-02-16,W02,789,DealMart,8,2,2025,5,1,Winter,0,780.0,519.0,-0.1294871794871795,0.1394169835234474,15.0,15.0,0.0,21.571428571428573,0.0,8.599557020706413,1.3333333333333333,-10.297029702970296,Low Elastic,110,0,1.1620029455081002,7.638888888888889,12.183544303797467,0,1,399,0.5876288659793815,679,0.0,5186.805555555556
2025-02-18,4,5,0,32,387,12384,280,278,2025-03-09,W01,454,StoreX,18,2,2025,1,0,Winter,0,679.0,455.0,-0.43004418262150224,0.14757709251101322,35.0,9.0,0.0,24.857142857142858,0.0,7.289914755527476,-0.08571428571428572,0.19931506849315067,Low Elastic,67,0,1.17312661498708,8.424242424242424,10.751381215469612,0,1,107,0.27648578811369506,0,0.0,3260.181818181818
2025-02-21,4,5,0,17,384,6528,280,225,2025-03-03,W01,387,DealMart,21,2,2025,4,0,Winter,0,387.0,1001.0,-0.007751937984496124,0.007751937984496124,32.0,18.0,0.0,24.714285714285715,0.0,7.454624643228433,-0.46875,60.46875,Highly Elastic,3,0,1.0078125,12.5,8.75,0,1,104,0.2708333333333333,0,0.0,4800.0
2025-02-25,4,5,0,18,736,13248,280,200,2025-03-11,W04,822,BestDeals,25,2,2025,1,0,Winter,0,384.0,442.0,0.9166666666666666,0.10462287104622871,17.0,21.0,0.0,24.285714285714285,0.0,7.782764841072138,0.058823529411764705,0.06417112299465241,Low Elastic,86,0,1.1168478260869565,10.526315789473685,7.909604519774011,0,1,456,0.6195652173913043,0,0.0,7747.368421052632
2025-03-02,4,5,0,20,978,19560,280,104,2025-03-15,W02,970,StoreX,2,3,2025,6,1,Summer,0,736.0,789.0,0.328804347826087,-0.008247422680412371,18.0,26.0,0.0,23.428571428571427,0.0,7.892129895390365,0.1111111111111111,0.3379247015610652,Low Elastic,-8,1,0.9918200408997955,4.9523809523809526,4.257309941520468,0,0,698,0.7137014314928425,978,-0.0,4843.428571428572
2025-01-04,5,3,0,39,577,22503,350,83,2025-01-09,W03,550,StoreX,4,1,2025,5,1,Winter,1,0.0,0.0,0.0,-0.04909090909090909,0.0,0.0,0.0,0.0,0.0,0.0,0.0,0.0,Unknown,-27,1,0.9532062391681109,2.075,0.0,0,0,227,0.3934142114384749,577,-0.04909090909090909,1197.275
2025-01-06,5,3,0,39,721,28119,350,143,2025-01-20,W03,699,StoreX,6,1,2025,0,0,Winter,1,577.0,0.0,0.24956672443674177,-0.031473533619456366,39.0,0.0,0.0,0.0,0.0,0.0,0.0,0.0,Low Elastic,-22,1,0.9694868238557559,3.575,0.0,0,0,371,0.5145631067961165,0,-0.031473533619456366,2577.5750000000003
2025-01-07,5,3,0,39,811,31629,350,265,2025-01-25,W02,908,MarketPro,7,1,2025,1,0,Winter,1,721.0,0.0,0.12482662968099861,0.10682819383259912,39.0,0.0,0.0,0.0,0.0,0.0,0.0,0.0,Low Elastic,97,0,1.11960542540074,6.625,0.0,0,1,461,0.5684340320591862,0,0.10682819383259912,5372.875
2025-01-09,5,3,0,4,1139,4556,350,73,2025-01-24,W03,1102,BestDeals,9,1,2025,3,0,Winter,1,811.0,0.0,0.40443896424167697,-0.03357531760435572,39.0,0.0,0.0,0.0,0.0,0.0,-0.8974358974358975,-2.2189649781113197,Low Elastic,-37,1,0.9675153643546971,14.6,0.0,0,1,789,0.6927129060579456,0,-0.03357531760435572,16629.399999999998
2025-01-18,5,3,0,23,428,9844,350,266,2025-01-27,W02,440,MarketPro,18,1,2025,5,1,Winter,1,1139.0,0.0,-0.6242317822651449,0.02727272727272727,4.0,0.0,0.0,0.0,0.0,0.0,4.75,-7.609353023909986,Low Elastic,12,0,1.02803738317757,11.083333333333334,0.0,0,1,78,0.1822429906542056,428,0.02727272727272727,4743.666666666667
2025-01-19,5,3,0,9,614,5526,350,164,2025-01-28,W01,677,StoreX,19,1,2025,6,1,Winter,1,428.0,0.0,0.43457943925233644,0.0930576070901034,23.0,0.0,0.0,0.0,0.0,0.0,-0.6086956521739131,-1.4006545114539506,Low Elastic,63,0,1.1026058631921825,16.4,0.0,0,1,264,0.42996742671009774,614,0.0930576070901034,10069.599999999999
2025-01-21,5,3,0,6,1097,6582,350,238,2025-01-29,W01,1167,DealMart,21,1,2025,1,0,Winter,1,614.0,0.0,0.7866449511400652,0.05998286203941731,9.0,0.0,0.0,22.714285714285715,0.0,16.39831582525358,-0.3333333333333333,-0.4237405106970324,Low Elastic,70,0,1.063810391978122,34.0,10.036144578313253,0,1,747,0.6809480401093893,0,0.05998286203941731,37298.0
2025-01-21,5,3,0,13,552,7176,350,108,2025-02-07,W02,633,PriceKing,21,1,2025,1,0,Winter,1,1097.0,577.0,-0.4968094804010939,0.12796208530805686,6.0,39.0,0.0,19.0,0.0,14.977761292440649,1.1666666666666667,-2.348318042813456,Low Elastic,81,0,1.1467391304347827,7.714285714285714,5.4,0,1,202,0.36594202898550726,0,0.12796208530805686,4258.285714285715
2025-02-01,5,3,0,39,590,23010,350,81,2025-02-17,W03,707,PriceKing,1,2,2025,5,1,Winter,0,552.0,721.0,0.06884057971014493,0.16548797736916548,13.0,39.0,0.0,19.0,0.0,14.977761292440649,2.0,29.05263157894737,Highly Elastic,117,0,1.1983050847457628,2.025,4.05,0,0,240,0.4067796610169492,590,0.0,1194.75
2025-02-04,5,3,0,32,815,26080,350,199,2025-02-22,W04,889,MarketPro,4,2,2025,1,0,Winter,0,590.0,811.0,0.3813559322033898,0.08323959505061868,39.0,39.0,0.0,18.0,0.0,13.589211407093007,-0.1794871794871795,-0.4706552706552707,Low Elastic,74,0,1.0907975460122699,6.03030303030303,10.473684210526315,0,1,465,0.5705521472392638,0,0.0,4914.69696969697
2025-02-05,5,3,0,32,533,17056,350,230,2025-02-18,W04,603,PriceKing,5,2,2025,2,0,Winter,0,815.0,1139.0,-0.3460122699386503,0.11608623548922056,32.0,4.0,0.0,22.0,0.0,12.884098726725126,0.0,-0.0,Low Elastic,70,0,1.1313320825515947,6.96969696969697,10.0,0,1,183,0.3433395872420263,0,0.0,3714.848484848485
2025-02-08,5,3,0,17,1127,19159,350,218,2025-02-15,W04,1221,MarketPro,8,2,2025,5,1,Winter,0,533.0,428.0,1.1144465290806753,0.07698607698607698,32.0,23.0,0.0,21.142857142857142,0.0,13.005493344846908,-0.46875,-0.42061237373737376,Low Elastic,94,0,1.0834072759538598,12.11111111111111,9.845161290322581,0,1,777,0.6894409937888198,1127,0.0,13649.222222222223
2025-02-10,5,3,0,13,573,7449,350,216,2025-02-20,W02,643,StoreX,10,2,2025,0,0,Winter,0,1127.0,614.0,-0.49157054125998223,0.1088646967340591,17.0,9.0,0.0,21.714285714285715,0.0,12.459458063579461,-0.23529411764705882,0.47865788914843915,Low Elastic,70,0,1.1221640488656195,15.428571428571429,9.50943396226415,0,1,223,0.38917975567190227,0,0.0,8840.57142857143
2025-02-18,5,3,0,27,1070,28890,350,76,2025-02-25,W02,1042,DealMart,18,2,2025,1,0,Winter,0,573.0,1097.0,0.8673647469458988,-0.026871401151631478,13.0,6.0,0.0,24.714285714285715,0.0,10.403753901265413,1.0769230769230769,1.2416034669555795,Highly Elastic,-28,1,0.9738317757009346,2.7142857142857144,2.9555555555555553,0,0,720,0.6728971962616822,0,-0.0,2904.285714285714
2025-02-18,5,3,0,29,1033,29957,350,20,2025-03-07,W02,1150,MarketPro,18,2,2025,1,0,Winter,0,1070.0,552.0,-0.03457943925233645,0.10173913043478261,27.0,13.0,0.0,27.0,0.0,9.07377172587747,0.07407407407407407,-2.1421421421421423,Low Elastic,117,0,1.1132623426911907,0.6666666666666666,0.7142857142857143,0,0,683,0.6611810261374637,0,0.0,688.6666666666666
2025-02-25,5,3,0,5,411,2055,350,226,2025-03-09,W01,490,PriceKing,25,2,2025,1,0,Winter,0,1033.0,590.0,-0.6021297192642788,0.16122448979591836,29.0,39.0,0.0,22.142857142857142,0.0,10.558228567150387,-0.8275862068965517,1.3744317551835015,Highly Elastic,79,0,1.1922141119221412,37.666666666666664,9.765432098765432,0,1,61,0.14841849148418493,0,0.0,15480.999999999998
2025-02-25,5,3,0,8,933,7464,350,210,2025-03-12,W04,997,DealMart,25,2,2025,1,0,Winter,0,411.0,815.0,1.27007299270073,0.0641925777331996,5.0,32.0,0.0,18.714285714285715,0.0,10.719363875937878,0.6,0.4724137931034483,Low Elastic,64,0,1.0685959271168275,23.333333333333332,10.652173913043478,0,1,583,0.62486602357985,0,0.0,21770.0
2025-02-26,5,3,0,11,658,7238,350,246,2025-03-12,W03,729,MarketPro,26,2,2025,2,0,Winter,0,933.0,533.0,-0.2947481243301179,0.09739368998628258,8.0,32.0,0.0,15.714285714285714,0.0,9.21437799879959,0.375,-1.2722727272727274,Low Elastic,71,0,1.1079027355623101,20.5,14.717948717948717,0,1,308,0.46808510638297873,0,0.0,13489.0
2025-03-02,5,3,0,37,981,36297,350,68,2025-03-07,W01,1099,PriceKing,2,3,2025,6,1,Summer,0,658.0,1127.0,0.4908814589665654,0.10737033666969972,11.0,17.0,0.0,18.571428571428573,0.0,12.272695205986647,2.3636363636363638,4.81508584294962,Highly Elastic,118,0,1.1202854230377166,1.7894736842105263,3.4744525547445253,0,0,631,0.6432212028542303,981,0.0,1755.4736842105262
2025-01-03,6,8,2,4,857,3428,700,79,2025-01-20,W01,842,DealMart,3,1,2025,4,0,Winter,1,0.0,0.0,0.0,-0.017814726840855107,0.0,0.0,0.0,0.0,0.0,0.0,0.0,0.0,Unknown,-15,1,0.9824970828471412,15.8,0.0,0,1,157,0.18319719953325556,0,-0.017814726840855107,13540.6
2025-01-08,6,8,2,21,824,17304,700,121,2025-01-19,W02,939,DealMart,8,1,2025,2,0,Winter,1,857.0,0.0,-0.038506417736289385,0.12247071352502663,4.0,0.0,0.0,0.0,0.0,0.0,4.25,-110.37121212121211,Low Elastic,115,0,1.1395631067961165,5.5,0.0,0,1,124,0.15048543689320387,0,0.12247071352502663,4532.0
2025-01-09,6,8,2,36,1230,44280,700,22,2025-01-24,W02,1249,BestDeals,9,1,2025,3,0,Winter,1,824.0,0.0,0.49271844660194175,0.01521216973578863,21.0,0.0,0.0,0.0,0.0,0.0,0.7142857142857143,1.449683321604504,Highly Elastic,19,0,1.0154471544715447,0.5945945945945946,0.0,0,0,530,0.43089430894308944,0,0.01521216973578863,731.3513513513514
2025-01-19,6,8,2,20,802,16040,700,60,2025-01-28,W04,826,StoreX,19,1,2025,6,1,Winter,1,1230.0,0.0,-0.34796747967479674,0.029055690072639227,36.0,0.0,0.0,0.0,0.0,0.0,-0.4444444444444444,1.277258566978193,Highly Elastic,24,0,1.0299251870324189,2.857142857142857,0.0,0,0,102,0.12718204488778054,802,0.029055690072639227,2291.4285714285716
2025-01-22,6,8,2,3,945,2835,700,51,2025-02-08,W03,1043,PriceKing,22,1,2025,2,0,Winter,1,802.0,0.0,0.17830423940149626,0.09395973154362416,20.0,0.0,0.0,0.0,0.0,0.0,-0.85,-4.767132867132867,Low Elastic,98,0,1.1037037037037036,12.75,0.0,0,1,245,0.25925925925925924,0,0.09395973154362416,12048.75
2025-01-23,6,8,2,18,1043,18774,700,65,2025-02-01,W03,1130,BestDeals,23,1,2025,3,0,Winter,1,945.0,0.0,0.1037037037037037,0.07699115044247788,3.0,0.0,0.0,0.0,0.0,0.0,5.0,48.214285714285715,Highly Elastic,87,0,1.0834132310642377,3.4210526315789473,0.0,0,0,343,0.3288590604026846,0,0.07699115044247788,3568.157894736842
2025-01-27,6,8,2,11,851,9361,700,191,2025-02-08,W02,875,PriceKing,27,1,2025,0,0,Winter,1,1043.0,0.0,-0.1840843720038351,0.027428571428571427,18.0,0.0,0.0,16.142857142857142,0.0,11.422617496711974,-0.3888888888888889,2.1125578703703702,Highly Elastic,24,0,1.028202115158637,15.916666666666666,11.141666666666667,0,1,151,0.17743830787309048,0,0.027428571428571427,13545.083333333332
2025-01-30,6,8,2,1,886,886,700,37,2025-02-09,W03,996,StoreX,30,1,2025,3,0,Winter,1,851.0,857.0,0.041128084606345476,0.11044176706827309,11.0,4.0,0.0,15.714285714285714,0.0,11.996031089688035,-0.9090909090909091,-22.103896103896105,Low Elastic,110,0,1.1241534988713318,18.5,2.2136752136752134,0,1,186,0.20993227990970656,0,0.11044176706827309,16391.0
2025-01-31,6,8,2,32,1316,42112,700,220,2025-02-08,W03,1410,PriceKing,31,1,2025,4,0,Winter,1,886.0,824.0,0.4853273137697517,0.06666666666666667,1.0,21.0,0.0,17.285714285714285,0.0,13.437686875776969,31.0,63.87441860465116,Highly Elastic,94,0,1.0714285714285714,6.666666666666667,12.03125,0,1,616,0.46808510638297873,0,0.06666666666666667,8773.333333333334
2025-02-02,6,8,2,18,1423,25614,700,32,2025-02-09,W01,1488,PriceKing,2,2,2025,6,1,Winter,0,1316.0,1230.0,0.08130699088145897,0.043682795698924734,32.0,36.0,0.0,14.714285714285714,0.0,10.703804397102395,-0.4375,-5.380841121495327,Low Elastic,65,0,1.0456781447645818,1.6842105263157894,2.0363636363636366,0,0,723,0.5080815179198875,1423,0.0,2396.6315789473683
2025-02-08,6,8,2,1,842,842,700,200,2025-02-15,W04,879,PriceKing,8,2,2025,5,1,Winter,0,1423.0,802.0,-0.40829234012649335,0.04209328782707622,18.0,20.0,0.0,12.0,0.0,11.51810169544733,-0.9444444444444444,2.3131573914706443,Highly Elastic,37,0,1.0439429928741093,100.0,15.384615384615385,0,1,142,0.16864608076009502,842,0.0,84200.0
2025-02-10,6,8,2,1,1170,1170,700,66,2025-02-17,W01,1215,BestDeals,10,2,2025,0,0,Winter,0,842.0,945.0,0.38954869358669836,0.037037037037037035,1.0,3.0,0.0,11.714285714285714,0.0,11.799919289473772,0.0,0.0,Low Elastic,45,0,1.0384615384615385,33.0,5.191011235955057,0,1,470,0.4017094017094017,0,0.0,38610.0
2025-02-10,6,8,2,31,1174,36394,700,35,2025-02-25,W03,1200,StoreX,10,2,2025,0,0,Winter,0,1170.0,1043.0,0.003418803418803419,0.021666666666666667,1.0,18.0,0.0,13.571428571428571,0.0,13.80648570850119,30.0,8775.0,Highly Elastic,26,0,1.0221465076660987,1.09375,2.4019607843137254,0,0,474,0.403747870528109,0,0.0,1284.0625
2025-02-14,6,8,2,24,1165,27960,700,45,2025-02-19,W02,1206,PriceKing,14,2,2025,4,0,Winter,0,1174.0,851.0,-0.007666098807495741,0.03399668325041459,31.0,11.0,0.0,15.428571428571429,0.0,14.269514624507998,-0.22580645161290322,29.455197132616487,Highly Elastic,41,0,1.0351931330472104,1.8,2.7391304347826084,0,0,465,0.39914163090128757,0,0.0,2097.0
2025-02-18,6,8,2,33,1065,35145,700,215,2025-03-03,W04,1099,StoreX,18,2,2025,1,0,Winter,0,1165.0,886.0,-0.08583690987124463,0.030937215650591446,24.0,1.0,0.0,20.0,0.0,14.0,0.375,-4.36875,Low Elastic,34,0,1.031924882629108,6.323529411764706,10.238095238095237,0,1,365,0.3427230046948357,0,0.0,6734.558823529412
2025-02-19,6,8,2,6,1214,7284,700,24,2025-02-25,W03,1217,StoreX,19,2,2025,2,0,Winter,0,1065.0,1316.0,0.13990610328638498,0.0024650780608052587,33.0,32.0,0.0,16.285714285714285,0.0,13.732131246511903,-0.8181818181818182,-5.848078096400244,Low Elastic,3,0,1.0024711696869852,3.4285714285714284,1.3884297520661157,0,0,514,0.4233937397034596,0,0.0,4162.285714285714
2025-02-19,6,8,2,15,1447,21705,700,294,2025-03-08,W01,1453,MarketPro,19,2,2025,2,0,Winter,0,1214.0,1423.0,0.19192751235584843,0.0041293874741913286,6.0,18.0,0.0,15.857142857142858,0.0,13.716517675520166,1.5,7.815450643776824,Highly Elastic,6,0,1.0041465100207325,18.375,17.440677966101696,0,1,747,0.5162404975812025,0,0.0,26588.625
2025-02-20,6,8,2,2,1414,2828,700,92,2025-03-12,W03,1477,PriceKing,20,2,2025,3,0,Winter,0,1447.0,842.0,-0.022805805114029024,0.04265402843601896,15.0,1.0,0.0,16.0,0.0,13.540064007726603,-0.8666666666666667,38.002020202020205,Highly Elastic,63,0,1.0445544554455446,30.666666666666668,5.411764705882353,0,1,714,0.504950495049505,0,0.0,43362.66666666667
2025-02-22,6,8,2,20,852,17040,700,23,2025-03-04,W04,848,MarketPro,22,2,2025,5,1,Winter,0,1414.0,1170.0,-0.39745403111739747,-0.0047169811320754715,2.0,1.0,0.0,18.714285714285715,0.0,11.828134337449924,9.0,-22.644128113879002,Low Elastic,-4,1,0.9953051643192489,1.0952380952380953,1.1666666666666665,0,0,152,0.1784037558685446,852,-0.0,933.1428571428572
2025-02-27,6,8,2,16,1441,23056,700,236,2025-03-04,W04,1540,MarketPro,27,2,2025,3,0,Winter,0,852.0,1174.0,0.6913145539906104,0.06428571428571428,20.0,31.0,0.0,16.571428571428573,0.0,10.517559014288803,-0.2,-0.2893039049235993,Low Elastic,99,0,1.0687022900763359,13.882352941176471,13.430894308943088,0,1,741,0.5142262317834837,0,0.0,20004.470588235294
2025-03-01,6,8,2,31,1205,37355,700,222,2025-03-16,W03,1275,PriceKing,1,3,2025,5,1,Summer,0,1441.0,1165.0,-0.16377515614156835,0.054901960784313725,16.0,24.0,0.0,17.571428571428573,0.0,11.616900660347449,0.9375,-5.724311440677966,Low Elastic,70,0,1.058091286307054,6.9375,11.953846153846152,0,1,505,0.4190871369294606,1205,0.0,8359.6875
2025-01-05,7,1,1,2,956,1912,200,81,2025-01-15,W01,1017,StoreX,5,1,2025,6,1,Winter,1,0.0,0.0,0.0,0.0599803343166175,0.0,0.0,0.0,0.0,0.0,0.0,0.0,0.0,Unknown,61,0,1.0638075313807531,27.0,0.0,0,1,756,0.7907949790794979,956,0.0599803343166175,25812.0
2025-01-05,7,1,1,17,873,14841,200,54,2025-01-10,W01,961,DealMart,5,1,2025,6,1,Winter,1,956.0,0.0,-0.08682008368200837,0.09157127991675339,2.0,0.0,0.0,0.0,0.0,0.0,7.5,-86.38554216867469,Low Elastic,88,0,1.1008018327605957,3.0,0.0,0,0,673,0.7709049255441008,873,0.09157127991675339,2619.0
2025-01-07,7,1,1,22,523,11506,200,63,2025-01-18,W01,599,MarketPro,7,1,2025,1,0,Winter,1,873.0,0.0,-0.4009163802978236,0.12687813021702837,17.0,0.0,0.0,0.0,0.0,0.0,0.29411764705882354,-0.7336134453781512,Low Elastic,76,0,1.1453154875717018,2.739130434782609,0.0,0,0,323,0.6175908221797323,0,0.12687813021702837,1432.5652173913045
2025-01-09,7,1,1,15,265,3975,200,39,2025-01-17,W04,328,PriceKing,9,1,2025,3,0,Winter,1,523.0,0.0,-0.4933078393881453,0.19207317073170732,22.0,0.0,0.0,0.0,0.0,0.0,-0.3181818181818182,0.6449964763918252,Medium Elastic,63,0,1.2377358490566037,2.4375,0.0,0,0,65,0.24528301886792453,0,0.19207317073170732,645.9375
2025-01-13,7,1,1,36,833,29988,200,26,2025-01-22,W03,850,BestDeals,13,1,2025,0,0,Winter,1,265.0,0.0,2.1433962264150943,0.02,15.0,0.0,0.0,0.0,0.0,0.0,1.4,0.653169014084507,Medium Elastic,17,0,1.0204081632653061,0.7027027027027027,0.0,0,0,633,0.7599039615846338,0,0.02,585.3513513513514
2025-01-15,7,1,1,23,350,8050,200,48,2025-01-24,W04,376,DealMart,15,1,2025,2,0,Winter,1,833.0,0.0,-0.5798319327731093,0.06914893617021277,36.0,0.0,0.0,0.0,0.0,0.0,-0.3611111111111111,0.6227858293075684,Medium Elastic,26,0,1.0742857142857143,2.0,0.0,0,0,150,0.42857142857142855,0,0.06914893617021277,700.0
2025-01-19,7,1,1,31,335,10385,200,237,2025-02-02,W02,367,PriceKing,19,1,2025,6,1,Winter,1,350.0,0.0,-0.04285714285714286,0.08719346049046321,23.0,0.0,0.0,20.857142857142858,0.0,11.126972805283737,0.34782608695652173,-8.115942028985508,Low Elastic,32,0,1.0955223880597016,7.40625,10.843137254901961,0,1,135,0.40298507462686567,335,0.08719346049046321,2481.09375
2025-01-23,7,1,1,9,388,3492,200,20,2025-02-12,W02,480,BestDeals,23,1,2025,3,0,Winter,1,335.0,956.0,0.1582089552238806,0.19166666666666668,31.0,2.0,0.0,21.857142857142858,0.0,9.317162862670367,-0.7096774193548387,-4.485696895922094,Low Elastic,92,0,1.2371134020618557,2.0,0.875,0,0,188,0.4845360824742268,0,0.19166666666666668,776.0
2025-01-27,7,1,1,6,919,5514,200,59,2025-02-14,W04,895,BestDeals,27,1,2025,0,0,Winter,1,388.0,873.0,1.3685567010309279,-0.026815642458100558,9.0,17.0,0.0,20.285714285714285,0.0,11.04104894947767,-0.3333333333333333,-0.24356559949780288,Low Elastic,-24,1,0.9738846572361263,8.428571428571429,2.771812080536913,0,1,719,0.7823721436343852,0,-0.026815642458100558,7745.857142857143
2025-01-28,7,1,1,28,869,24332,200,79,2025-02-07,W02,896,BestDeals,28,1,2025,1,0,Winter,1,919.0,523.0,-0.0544069640914037,0.030133928571428572,6.0,22.0,0.0,21.142857142857142,0.0,11.422617496711974,3.6666666666666665,-67.39333333333333,Low Elastic,27,0,1.0310701956271577,2.7241379310344827,3.567741935483871,0,0,669,0.7698504027617952,0,0.030133928571428572,2367.2758620689656
2025-01-30,7,1,1,18,367,6606,200,33,2025-02-08,W03,375,MarketPro,30,1,2025,3,0,Winter,1,869.0,265.0,-0.5776754890678941,0.021333333333333333,28.0,15.0,0.0,21.571428571428573,0.0,11.207990347026877,-0.35714285714285715,0.6182413204325555,Medium Elastic,8,0,1.021798365122616,1.736842105263158,1.462025316455696,0,0,167,0.4550408719346049,0,0.021333333333333333,637.421052631579
2025-02-02,7,1,1,10,374,3740,200,93,2025-02-07,W03,348,DealMart,2,2,2025,6,1,Winter,0,367.0,833.0,0.01907356948228883,-0.07471264367816093,18.0,36.0,0.0,17.857142857142858,0.0,9.856107606091625,-0.4444444444444444,-23.3015873015873,Low Elastic,-26,1,0.93048128342246,8.454545454545455,4.931818181818182,0,1,174,0.46524064171123,374,-0.0,3162.0
2025-02-03,7,1,1,33,543,17919,200,68,2025-02-10,W03,561,DealMart,3,2,2025,0,0,Winter,0,374.0,350.0,0.45187165775401067,0.03208556149732621,10.0,23.0,0.0,19.285714285714285,0.0,11.33893419027682,2.3,5.089940828402367,Highly Elastic,18,0,1.0331491712707181,2.0,3.352112676056338,0,0,343,0.6316758747697975,0,0.0,1086.0
2025-02-03,7,1,1,12,636,7632,200,76,2025-02-13,W04,628,StoreX,3,2,2025,0,0,Winter,0,543.0,335.0,0.1712707182320442,-0.012738853503184714,33.0,31.0,0.0,16.571428571428573,0.0,10.293317295817756,-0.6363636363636364,-3.7155425219941347,Low Elastic,-8,1,0.9874213836477987,5.846153846153846,4.32520325203252,0,1,436,0.6855345911949685,0,-0.0,3718.1538461538457
2025-02-04,7,1,1,30,890,26700,200,160,2025-02-22,W03,951,BestDeals,4,2,2025,1,0,Winter,0,636.0,388.0,0.39937106918238996,0.06414300736067298,12.0,9.0,0.0,19.571428571428573,0.0,10.768118728560761,1.5,3.7559055118110236,Highly Elastic,61,0,1.0685393258426967,5.161290322580645,7.777777777777777,0,1,690,0.7752808988764045,0,0.0,4593.548387096774
2025-02-05,7,1,1,35,799,27965,200,242,2025-02-20,W03,755,BestDeals,5,2,2025,2,0,Winter,0,890.0,919.0,-0.10224719101123596,-0.05827814569536424,30.0,6.0,0.0,23.714285714285715,0.0,10.242302568502943,0.16666666666666666,-1.6300366300366298,Low Elastic,-44,1,0.9449311639549437,6.722222222222222,9.791907514450866,0,1,599,0.7496871088861077,0,-0.0,5371.055555555556
2025-02-10,7,1,1,21,251,5271,200,156,2025-02-18,W04,208,BestDeals,10,2,2025,0,0,Winter,0,799.0,869.0,-0.685857321652065,-0.20673076923076922,35.0,28.0,0.0,22.714285714285715,0.0,10.094788848943894,-0.4,0.5832116788321169,Medium Elastic,-43,1,0.8286852589641435,7.090909090909091,6.578313253012048,0,1,51,0.20318725099601595,0,-0.0,1779.8181818181818
2025-02-15,7,1,1,11,583,6413,200,245,2025-03-02,W04,635,DealMart,15,2,2025,5,1,Winter,0,251.0,367.0,1.3227091633466135,0.08188976377952756,21.0,18.0,0.0,21.714285714285715,0.0,10.950103282835371,-0.47619047619047616,-0.3600114744693058,Low Elastic,52,0,1.0891938250428816,20.416666666666668,10.786163522012577,0,1,383,0.6569468267581475,583,0.0,11902.916666666668
2025-02-20,7,1,1,39,284,11076,200,97,2025-02-27,W03,391,PriceKing,20,2,2025,3,0,Winter,0,583.0,374.0,-0.5128644939965694,0.27365728900255754,11.0,10.0,0.0,25.857142857142858,0.0,11.260973484096475,2.5454545454545454,-4.963210702341137,Low Elastic,107,0,1.3767605633802817,2.425,3.611702127659574,0,0,84,0.29577464788732394,0,0.0,688.6999999999999
2025-02-27,7,1,1,26,573,14898,200,250,2025-03-18,W04,627,StoreX,27,2,2025,3,0,Winter,0,284.0,543.0,1.017605633802817,0.0861244019138756,39.0,33.0,0.0,24.857142857142858,0.0,10.823255385643325,-0.3333333333333333,-0.32756632064590535,Low Elastic,54,0,1.094240837696335,9.25925925925926,9.668508287292818,0,1,373,0.6509598603839442,0,0.0,5305.555555555556
2025-02-28,7,1,1,14,431,6034,200,186,2025-03-10,W03,530,PriceKing,28,2,2025,4,0,Winter,0,573.0,636.0,-0.24781849912739964,0.18679245283018867,26.0,12.0,0.0,25.142857142857142,0.0,10.447145885018417,-0.46153846153846156,1.8624052004333695,Highly Elastic,99,0,1.2296983758700697,12.4,7.114754098360656,0,1,231,0.5359628770301624,0,0.0,5344.400000000001
2025-01-02,8,2,2,29,503,14587,450,245,2025-01-14,W04,468,DealMart,2,1,2025,3,0,Winter,1,0.0,0.0,0.0,-0.07478632478632478,0.0,0.0,0.0,0.0,0.0,0.0,0.0,0.0,Unknown,-35,1,0.9304174950298211,8.166666666666666,0.0,0,1,53,0.10536779324055666,0,-0.07478632478632478,4107.833333333333
2025-01-08,8,2,2,34,618,21012,450,35,2025-01-28,W01,570,PriceKing,8,1,2025,2,0,Winter,1,503.0,0.0,0.2286282306163022,-0.08421052631578947,29.0,0.0,0.0,0.0,0.0,0.0,0.1724137931034483,0.7541229385307346,Medium Elastic,-48,1,0.9223300970873787,1.0,0.0,0,0,168,0.27184466019417475,0,-0.08421052631578947,618.0
2025-01-08,8,2,2,23,596,13708,450,42,2025-01-18,W01,694,DealMart,8,1,2025,2,0,Winter,1,618.0,0.0,-0.03559870550161812,0.14121037463976946,34.0,0.0,0.0,0.0,0.0,0.0,-0.3235294117647059,9.088235294117647,Highly Elastic,98,0,1.1644295302013423,1.75,0.0,0,0,146,0.24496644295302014,0,0.14121037463976946,1043.0
2025-01-14,8,2,2,29,826,23954,450,239,2025-02-01,W04,852,BestDeals,14,1,2025,1,0,Winter,1,596.0,0.0,0.3859060402684564,0.03051643192488263,23.0,0.0,0.0,0.0,0.0,0.0,0.2608695652173913,0.675992438563327,Medium Elastic,26,0,1.0314769975786926,7.966666666666667,0.0,0,1,376,0.4552058111380145,0,0.03051643192488263,6580.466666666667
2025-01-17,8,2,2,9,819,7371,450,122,2025-01-23,W02,825,DealMart,17,1,2025,4,0,Winter,1,826.0,0.0,-0.00847457627118644,0.007272727272727273,29.0,0.0,0.0,0.0,0.0,0.0,-0.6896551724137931,81.37931034482759,Highly Elastic,6,0,1.0073260073260073,12.2,0.0,0,1,369,0.45054945054945056,0,0.007272727272727273,9991.8
2025-01-18,8,2,2,4,559,2236,450,75,2025-01-23,W01,679,PriceKing,18,1,2025,5,1,Winter,1,819.0,0.0,-0.31746031746031744,0.17673048600883653,9.0,0.0,0.0,0.0,0.0,0.0,-0.5555555555555556,1.7500000000000002,Highly Elastic,120,0,1.2146690518783543,15.0,0.0,0,1,109,0.19499105545617174,559,0.17673048600883653,8385.0
2025-01-23,8,2,2,22,1197,26334,450,35,2025-01-30,W03,1266,StoreX,23,1,2025,3,0,Winter,1,559.0,0.0,1.141323792486583,0.054502369668246446,4.0,0.0,0.0,21.428571428571427,0.0,11.05828713163636,4.5,3.942789968652038,Highly Elastic,69,0,1.0576441102756893,1.5217391304347827,1.5605095541401275,0,0,747,0.6240601503759399,0,0.054502369668246446,1821.521739130435
2025-01-31,8,2,2,38,688,26144,450,50,2025-02-19,W03,711,DealMart,31,1,2025,4,0,Winter,1,1197.0,503.0,-0.4252297410192147,0.03234880450070324,22.0,29.0,0.0,22.714285714285715,0.0,12.51285053740468,0.7272727272727273,-1.7103054116806573,Low Elastic,23,0,1.0334302325581395,1.2820512820512822,2.108433734939759,0,0,238,0.34593023255813954,0,0.03234880450070324,882.0512820512821
2025-01-31,8,2,2,36,1132,40752,450,129,2025-02-17,W04,1189,BestDeals,31,1,2025,4,0,Winter,1,688.0,618.0,0.6453488372093024,0.0479394449116905,38.0,34.0,0.0,23.0,0.0,12.832251036613439,-0.05263157894736842,-0.08155523944997628,Low Elastic,57,0,1.0503533568904593,3.4864864864864864,5.375,0,0,682,0.6024734982332155,0,0.0479394449116905,3946.7027027027025
2025-01-31,8,2,2,20,979,19580,450,45,2025-02-11,W03,1097,StoreX,31,1,2025,4,0,Winter,1,1132.0,596.0,-0.1351590106007067,0.10756608933454877,36.0,23.0,0.0,22.571428571428573,0.0,12.882250616735453,-0.4444444444444444,3.2883079157588964,Highly Elastic,118,0,1.1205311542390195,2.142857142857143,1.909090909090909,0,0,529,0.5403472931562819,0,0.10756608933454877,2097.8571428571427
2025-02-05,8,2,2,21,573,12033,450,94,2025-02-24,W04,614,DealMart,5,2,2025,2,0,Winter,0,979.0,826.0,-0.41470888661899896,0.06677524429967427,20.0,29.0,0.0,21.428571428571427,0.0,12.567910763224768,0.05,-0.1205665024630542,Low Elastic,41,0,1.0715532286212914,4.2727272727272725,4.191082802547771,0,0,123,0.21465968586387435,0,0.0,2448.272727272727
2025-02-05,8,2,2,27,740,19980,450,152,2025-02-25,W03,812,MarketPro,5,2,2025,2,0,Winter,0,573.0,819.0,0.2914485165794066,0.08866995073891626,21.0,9.0,0.0,24.0,0.0,11.387127235025815,0.2857142857142857,0.9803250641573995,Medium Elastic,72,0,1.0972972972972972,5.428571428571429,6.08,0,1,290,0.3918918918918919,0,0.0,4017.1428571428573
2025-02-09,8,2,2,21,1100,23100,450,29,2025-02-26,W01,1108,PriceKing,9,2,2025,6,1,Winter,0,740.0,559.0,0.4864864864864865,0.007220216606498195,27.0,4.0,0.0,26.428571428571427,0.0,7.590721152765898,-0.2222222222222222,-0.4567901234567901,Low Elastic,8,0,1.0072727272727273,1.3181818181818181,1.0572916666666667,0,0,650,0.5909090909090909,1100,0.0,1450.0
2025-02-12,8,2,2,23,565,12995,450,41,2025-03-01,W02,594,DealMart,12,2,2025,2,0,Winter,0,1100.0,1197.0,-0.4863636363636364,0.04882154882154882,21.0,22.0,0.0,26.571428571428573,0.0,7.5023805745719345,0.09523809523809523,-0.19581664441477523,Low Elastic,29,0,1.0513274336283185,1.7083333333333333,1.4870466321243523,0,0,115,0.20353982300884957,0,0.0,965.2083333333333
2025-02-13,8,2,2,13,779,10127,450,77,2025-02-26,W02,769,StoreX,13,2,2025,3,0,Winter,0,565.0,688.0,0.3787610619469027,-0.013003901170351105,23.0,38.0,0.0,23.0,0.0,7.094598884597588,-0.43478260869565216,-1.1479073547338479,Low Elastic,-10,1,0.9871630295250321,5.5,3.2083333333333335,0,1,329,0.42233632862644416,0,-0.0,4284.5
2025-02-20,8,2,2,31,1004,31124,450,240,2025-03-04,W03,991,PriceKing,20,2,2025,3,0,Winter,0,779.0,1132.0,0.2888318356867779,-0.013118062563067608,13.0,36.0,0.0,22.285714285714285,0.0,5.677860093212515,1.3846153846153846,4.793846153846154,Highly Elastic,-13,1,0.9870517928286853,7.5,10.30674846625767,0,1,554,0.5517928286852589,0,-0.0,7530.0
2025-01-02,9,4,3,4,1352,5408,1200,202,2025-01-14,W02,1438,StoreX,2,1,2025,3,0,Winter,1,0.0,0.0,0.0,0.059805285118219746,0.0,0.0,0.0,0.0,0.0,0.0,0.0,0.0,Unknown,86,0,1.0636094674556213,40.4,0.0,0,1,152,0.11242603550295859,0,0.059805285118219746,54620.799999999996
2025-01-06,9,4,3,36,1731,62316,1200,248,2025-01-15,W03,1837,MarketPro,6,1,2025,0,0,Winter,1,1352.0,0.0,0.28032544378698226,0.05770277626565052,4.0,0.0,0.0,0.0,0.0,0.0,8.0,28.538258575197887,Highly Elastic,106,0,1.0612362796071635,6.702702702702703,0.0,0,1,531,0.30675909878682844,0,0.05770277626565052,11602.378378378378
2025-01-13,9,4,3,25,1447,36175,1200,242,2025-02-01,W03,1404,BestDeals,13,1,2025,0,0,Winter,1,1731.0,0.0,-0.16406701328711729,-0.030626780626780627,36.0,0.0,0.0,0.0,0.0,0.0,-0.3055555555555556,1.8623826291079812,Highly Elastic,-43,1,0.9702833448514168,9.307692307692308,0.0,0,1,247,0.17069799585349,0,-0.030626780626780627,13468.23076923077
2025-01-15,9,4,3,34,1494,50796,1200,150,2025-02-04,W02,1555,StoreX,15,1,2025,2,0,Winter,1,1447.0,0.0,0.03248099516240498,0.03922829581993569,25.0,0.0,0.0,0.0,0.0,0.0,0.36,11.083404255319149,Highly Elastic,61,0,1.0408299866131192,4.285714285714286,0.0,0,0,294,0.19678714859437751,0,0.03922829581993569,6402.857142857143
2025-01-20,9,4,3,29,1676,48604,1200,206,2025-02-02,W02,1790,DealMart,20,1,2025,0,0,Winter,1,1494.0,0.0,0.12182061579651941,0.06368715083798883,34.0,0.0,0.0,0.0,0.0,0.0,-0.14705882352941177,-1.207175177763413,Low Elastic,114,0,1.068019093078759,6.866666666666666,0.0,0,1,476,0.2840095465393795,0,0.06368715083798883,11508.533333333333
2025-01-23,9,4,3,33,1761,58113,1200,230,2025-02-04,W02,1723,BestDeals,23,1,2025,3,0,Winter,1,1676.0,0.0,0.05071599045346062,-0.022054556006964595,29.0,0.0,0.0,0.0,0.0,0.0,0.13793103448275862,2.7196754563894525,Highly Elastic,-38,1,0.9784213515048268,6.764705882352941,0.0,0,1,561,0.3185689948892675,0,-0.022054556006964595,11912.64705882353
2025-01-23,9,4,3,17,1683,28611,1200,284,2025-02-12,W04,1773,BestDeals,23,1,2025,3,0,Winter,1,1761.0,0.0,-0.044293015332197615,0.050761421319796954,33.0,0.0,0.0,25.428571428571427,0.0,11.443442705426587,-0.48484848484848486,10.946386946386946,Highly Elastic,90,0,1.053475935828877,15.777777777777779,10.745945945945946,0,1,483,0.28698752228163993,0,0.050761421319796954,26554.0
2025-01-25,9,4,3,15,1807,27105,1200,298,2025-02-05,W01,1867,BestDeals,25,1,2025,5,1,Winter,1,1683.0,1352.0,0.0736779560308972,0.032137118371719335,17.0,4.0,0.0,27.0,0.0,8.34665601703261,-0.11764705882352941,-1.5967741935483872,Low Elastic,60,0,1.0332042058660764,18.625,10.642857142857142,0,1,607,0.3359158826784726,1807,0.032137118371719335,33655.375
2025-01-26,9,4,3,29,1993,57797,1200,232,2025-02-03,W02,2058,DealMart,26,1,2025,6,1,Winter,1,1807.0,1731.0,0.10293303818483675,0.03158406219630709,15.0,36.0,0.0,26.0,0.0,7.461009761866465,0.9333333333333333,9.067383512544803,Highly Elastic,65,0,1.0326141495233316,7.733333333333333,8.592592592592593,0,1,793,0.39789262418464627,1993,0.03158406219630709,15412.533333333333
2025-02-10,9,4,3,24,1997,47928,1200,62,2025-03-01,W01,2082,StoreX,10,2,2025,0,0,Winter,0,1993.0,1447.0,0.002007024586051179,0.040826128722382324,29.0,25.0,0.0,25.857142857142858,0.0,7.492853738253347,-0.1724137931034483,-85.90517241379311,Low Elastic,85,0,1.042563845768653,2.48,2.3085106382978724,0,0,797,0.39909864797195793,0,0.0,4952.56
2025-02-11,9,4,3,12,1815,21780,1200,153,2025-03-03,W03,1907,DealMart,11,2,2025,1,0,Winter,0,1997.0,1494.0,-0.09113670505758638,0.048243314105925535,24.0,34.0,0.0,22.714285714285715,0.0,8.097618697581938,-0.5,5.486263736263736,Highly Elastic,92,0,1.0506887052341598,11.76923076923077,6.451807228915662,0,1,615,0.33884297520661155,0,0.0,21361.153846153848
2025-02-19,9,4,3,8,1257,10056,1200,283,2025-03-04,W01,1357,MarketPro,19,2,2025,2,0,Winter,0,1815.0,1676.0,-0.3074380165289256,0.07369196757553427,12.0,29.0,0.0,19.714285714285715,0.0,9.196272536817766,-0.3333333333333333,1.0842293906810037,Highly Elastic,100,0,1.079554494828958,31.444444444444443,13.662068965517241,0,1,57,0.045346062052505964,0,0.0,39525.666666666664
2025-02-22,9,4,3,5,1702,8510,1200,64,2025-02-27,W01,1811,StoreX,22,2,2025,5,1,Winter,0,1257.0,1761.0,0.3540175019888624,0.06018774157923799,8.0,33.0,0.0,15.714285714285714,0.0,8.518886580500336,-0.375,-1.0592696629213483,Low Elastic,109,0,1.064042303172738,10.666666666666666,3.829059829059829,0,1,502,0.29494712103407755,1702,0.0,18154.666666666664
2025-02-22,9,4,3,16,1427,22832,1200,181,2025-03-08,W03,1417,MarketPro,22,2,2025,5,1,Winter,0,1702.0,1683.0,-0.16157461809635723,-0.007057163020465773,5.0,17.0,0.0,15.571428571428571,0.0,8.502100580780871,2.2,-13.616000000000001,Low Elastic,-10,1,0.9929922915206727,10.647058823529411,10.92241379310345,0,1,227,0.1590749824807288,1427,-0.0,15193.35294117647
2025-02-23,9,4,3,29,1632,47328,1200,115,2025-03-06,W03,1685,BestDeals,23,2,2025,6,1,Winter,0,1427.0,1807.0,0.14365802382620882,0.0314540059347181,16.0,15.0,0.0,17.571428571428573,0.0,9.880235200593543,0.8125,5.65579268292683,Highly Elastic,53,0,1.0324754901960784,3.8333333333333335,6.192307692307692,0,0,432,0.2647058823529412,1632,0.0,6256.0
2025-02-24,9,4,3,23,1381,31763,1200,94,2025-03-15,W04,1494,PriceKing,24,2,2025,0,0,Winter,0,1632.0,1993.0,-0.15379901960784315,0.07563587684069611,29.0,29.0,0.0,16.714285714285715,0.0,8.93894635316501,-0.20689655172413793,1.3452397307322435,Highly Elastic,113,0,1.0818247646632875,3.9166666666666665,5.306451612903225,0,0,181,0.13106444605358436,0,0.0,5408.916666666666
2025-02-24,9,4,3,23,1991,45793,1200,186,2025-03-07,W02,1941,DealMart,24,2,2025,0,0,Winter,0,1381.0,1997.0,0.44170890658942796,-0.02575991756826378,23.0,24.0,0.0,16.571428571428573,0.0,8.810167286666454,0.0,0.0,Low Elastic,-50,1,0.9748869914615771,7.75,10.585365853658535,0,1,791,0.39728779507785034,0,-0.0,15430.25
2025-02-24,9,4,3,29,1441,41789,1200,143,2025-03-09,W01,1526,MarketPro,24,2,2025,0,0,Winter,0,1991.0,1815.0,-0.27624309392265195,0.055701179554390565,23.0,12.0,0.0,19.0,0.0,9.643650760992958,0.2608695652173913,-0.9443478260869564,Low Elastic,85,0,1.0589868147120056,4.766666666666667,7.15,0,0,241,0.16724496877168632,0,0.0,6868.766666666666
2025-02-27,9,4,3,28,1712,47936,1200,289,2025-03-11,W01,1669,BestDeals,27,2,2025,3,0,Winter,0,1441.0,1257.0,0.18806384455239417,-0.025763930497303775,29.0,8.0,0.0,21.857142857142858,0.0,8.764104278791065,-0.034482758620689655,-0.18335666115281843,Low Elastic,-43,1,0.9748831775700935,9.96551724137931,12.643749999999999,0,1,512,0.29906542056074764,0,-0.0,17060.965517241377
2025-03-02,9,4,3,25,1654,41350,1200,121,2025-03-16,W01,1609,BestDeals,2,3,2025,6,1,Summer,0,1712.0,1702.0,-0.03387850467289719,-0.027967681789931635,28.0,5.0,0.0,24.714285714285715,0.0,4.644505202002529,-0.10714285714285714,3.1625615763546797,Highly Elastic,-45,1,0.9727932285368803,4.653846153846154,4.705555555555556,0,0,454,0.27448609431680776,1654,-0.0,7697.461538461539
